{"entities":{"pages":{"Introdução":{"id":"Introdução","title":"Introdução","url":"introdução.html","level":0,"tabIndex":0},"Estrutura":{"id":"Estrutura","title":"Estrutura","url":"estrutura.html","level":0,"tabIndex":1},"Arquitetura":{"id":"Arquitetura","title":"Arquitetura","url":"arquitetura.html","level":0,"tabIndex":2},"Telas":{"id":"Telas","title":"Telas","url":"telas.html","level":0,"tabIndex":3},"Git":{"id":"Git","title":"Git","url":"git.html","level":0,"tabIndex":4}}},"topLevelIds":["Introdução","Estrutura","Arquitetura","Telas","Git"]}